Row.names ,Plant ,Sp    ,Water_treatment  ,Bloc ,mature_miRNA           ,count 
art_bl1,art,corn,50,1,CUGCACUGCCUCUUCCCUGGC,0
art_bl2,art,corn,50,2,CUGCACUGCCUCUUCCCUGGC,0
art_bl3,art,corn,50,3,CUGCACUGCCUCUUCCCUGGC,0
art_bl4,art,corn,50,4,CUGCACUGCCUCUUCCCUGGC,0
art_bl5,art,corn,50,5,CUGCACUGCCUCUUCCCUGGC,0
art_bl6,art,corn,50,6,CUGCACUGCCUCUUCCCUGGC,1
gold_bl1,gold,corn,50,1,CUGCACUGCCUCUUCCCUGGC,0
gold_bl2,gold,corn,50,2,CUGCACUGCCUCUUCCCUGGC,0
gold_bl3,gold,corn,50,3,CUGCACUGCCUCUUCCCUGGC,2
gold_bl4,gold,corn,50,4,CUGCACUGCCUCUUCCCUGGC,1
gold_bl5,gold,corn,50,5,CUGCACUGCCUCUUCCCUGGC,2
gold_bl6,gold,corn,50,6,CUGCACUGCCUCUUCCCUGGC,1
art_bl1,art,corn,50,1,UGCACUGCCUCUUCCCUGGC,0
art_bl2,art,corn,50,2,UGCACUGCCUCUUCCCUGGC,0
art_bl3,art,corn,50,3,UGCACUGCCUCUUCCCUGGC,0
art_bl4,art,corn,50,4,UGCACUGCCUCUUCCCUGGC,3
art_bl5,art,corn,50,5,UGCACUGCCUCUUCCCUGGC,1
art_bl6,art,corn,50,6,UGCACUGCCUCUUCCCUGGC,1
gold_bl1,gold,corn,50,1,UGCACUGCCUCUUCCCUGGC,0
gold_bl2,gold,corn,50,2,UGCACUGCCUCUUCCCUGGC,1
gold_bl3,gold,corn,50,3,UGCACUGCCUCUUCCCUGGC,0
gold_bl4,gold,corn,50,4,UGCACUGCCUCUUCCCUGGC,0
gold_bl5,gold,corn,50,5,UGCACUGCCUCUUCCCUGGC,0
gold_bl6,gold,corn,50,6,UGCACUGCCUCUUCCCUGGC,1
