#miRNA	read_count	precursor	total	red_50_bl4	red_50_bl2	walton_15_bl2	walton_50_bl5	walton_50_bl1	walton_50_bl3	walton_15_bl3	walton_50_bl2	walton_15_bl1	red_15_bl1	red_15_bl2	red_50_bl3	walton_15_bl6	red_15_bl3	red_15_bl4	no_plant_15_bl3	red_50_bl5	red_50_bl1	no_plant_50_bl6	no_plant_15_bl4	walton_50_bl4	no_plant_50_bl2	no_plant_15_bl6	no_plant_15_bl2	no_plant_15_bl5	no_plant_15_bl1	walton_15_bl5	red_50_bl6	no_plant_50_bl5	no_plant_50_bl4	walton_50_bl6	walton_15_bl4	no_plant_50_bl3	no_plant_50_bl1	red_15_bl6	red_15_bl5	red_50_bl4(norm)	red_50_bl2(norm)	walton_15_bl2(norm)	walton_50_bl5(norm)	walton_50_bl1(norm)	walton_50_bl3(norm)	walton_15_bl3(norm)	walton_50_bl2(norm)	walton_15_bl1(norm)	red_15_bl1(norm)	red_15_bl2(norm)	red_50_bl3(norm)	walton_15_bl6(norm)	red_15_bl3(norm)	red_15_bl4(norm)	no_plant_15_bl3(norm)	red_50_bl5(norm)	red_50_bl1(norm)	no_plant_50_bl6(norm)	no_plant_15_bl4(norm)	walton_50_bl4(norm)	no_plant_50_bl2(norm)	no_plant_15_bl6(norm)	no_plant_15_bl2(norm)	no_plant_15_bl5(norm)	no_plant_15_bl1(norm)	walton_15_bl5(norm)	red_50_bl6(norm)	no_plant_50_bl5(norm)	no_plant_50_bl4(norm)	walton_50_bl6(norm)	walton_15_bl4(norm)	no_plant_50_bl3(norm)	no_plant_50_bl1(norm)	red_15_bl6(norm)	red_15_bl5(norm)
read1118_x408__NC_057797.1_21__527986201..527986221__527986201..527986245_minus_mature	2035.00	read1118_x408__NC_057797.1_21__527986201..527986221__527986201..527986245_minus	2035.00	11.00	15.00	159.00	7.00	20.00	18.00	111.00	10.00	48.00	123.00	105.00	19.00	61.00	289.00	86.00	118.00	4.00	29.00	10.00	98.00	8.00	7.00	10.00	125.00	68.00	120.00	42.00	7.00	6.00	10.00	2.00	150.00	8.00	33.00	57.00	41.00	3590.08	27573.53	198998.75	3489.53	14684.29	28391.17	209829.87	4095.00	96192.38	189522.34	156482.86	11571.25	99836.33	244707.87	61036.20	130386.74	6700.17	24066.39	2831.26	191780.82	2904.87	3823.05	119047.62	236294.90	176165.80	264900.66	80769.23	6233.30	13215.86	11013.22	591.89	136239.78	11461.32	25862.07	101243.34	68561.87
read1206_x365__NC_057795.1_13__524181097..524181116__524181042..524181116_plus_mature	1369.00	read1206_x365__NC_057795.1_13__524181097..524181116__524181042..524181116_plus	1369.00	6.00	20.00	75.00	4.00	20.00	5.00	18.00	5.00	55.00	26.00	160.00	1.00	34.00	46.00	29.00	249.00	24.00	15.00	11.00	99.00	10.00	11.00	25.00	63.00	56.00	46.00	76.00	6.00	14.00	9.00	9.00	31.00	15.00	10.00	39.00	47.00	1958.22	36764.71	93867.33	1994.02	14684.29	7886.44	34026.47	2047.50	110220.44	40061.63	238450.07	609.01	55646.48	38950.04	20581.97	275138.12	40201.01	12448.13	3114.38	193737.77	3631.08	6007.65	297619.05	119092.63	145077.72	101545.25	146153.85	5342.83	30837.00	9911.89	2663.51	28156.22	21489.97	7836.99	69271.76	78595.32
read1302921_x3__NC_057813.1_22__744296015..744296035__744296015..744296094_minus_mature	6.00	read1302921_x3__NC_057813.1_22__744296015..744296035__744296015..744296094_minus	6.00	3.00	0	0	0	0	0	0	0	0	0	0	0	0	0	1.00	0	0	0	0	0	0	0	0	0	0	0	0	0	0	0	2.00	0	0	0	0	0	979.11	0	0	0	0	0	0	0	0	0	0	0	0	0	709.72	0	0	0	0	0	0	0	0	0	0	0	0	0	0	0	591.89	0	0	0	0	0
read14394_x82__NC_057802.1_44__6524965..6524985__6524965..6525014_minus_mature	202.00	read14394_x82__NC_057802.1_44__6524965..6524985__6524965..6525014_minus	202.00	3.00	2.00	12.00	2.00	14.00	0	8.00	2.00	15.00	22.00	3.00	18.00	15.00	11.00	27.00	0	1.00	13.00	0	0	0	0	0	0	0	0	1.00	0	0	0	10.00	7.00	0	0	3.00	13.00	979.11	3676.47	15018.77	997.01	10279.00	0	15122.87	819.00	30060.12	33898.31	4470.94	10962.24	24549.92	9314.14	19162.53	0	1675.04	10788.38	0	0	0	0	0	0	0	0	1923.08	0	0	0	2959.46	6357.86	0	0	5328.60	21739.13
read1451_x325__NC_057798.1_21__376905698..376905717__376905698..376905932_minus_mature	1939.00	read1451_x325__NC_057798.1_21__376905698..376905717__376905698..376905932_minus	1939.00	182.00	27.00	0	138.00	70.00	37.00	1.00	186.00	3.00	5.00	1.00	63.00	7.00	4.00	59.00	4.00	37.00	28.00	258.00	1.00	149.00	127.00	0	0	5.00	0	13.00	80.00	30.00	52.00	239.00	38.00	37.00	24.00	19.00	15.00	59399.48	49632.35	0	68793.62	51395.01	58359.62	1890.36	76167.08	6012.02	7704.16	1490.31	38367.84	11456.63	3386.96	41873.67	4419.89	61976.55	23236.51	73046.43	1956.95	54103.12	69361.00	0	0	12953.37	0	25000.00	71237.76	66079.30	57268.72	70730.99	34514.08	53008.60	18808.78	33747.78	25083.61
read1451_x325__NC_057807.1_16__290487842..290487861__290487663..290487861_minus_mature	1941.00	read1451_x325__NC_057807.1_16__290487842..290487861__290487663..290487861_minus	1941.00	183.00	27.00	0	138.00	70.00	37.00	1.00	185.00	3.00	5.00	1.00	63.00	7.00	4.00	59.00	4.00	37.00	28.00	260.00	1.00	149.00	127.00	0	0	5.00	0	13.00	80.00	30.00	52.00	238.00	38.00	38.00	24.00	19.00	15.00	59725.85	49632.35	0	68793.62	51395.01	58359.62	1890.36	75757.58	6012.02	7704.16	1490.31	38367.84	11456.63	3386.96	41873.67	4419.89	61976.55	23236.51	73612.68	1956.95	54103.12	69361.00	0	0	12953.37	0	25000.00	71237.76	66079.30	57268.72	70435.04	34514.08	54441.26	18808.78	33747.78	25083.61
read1451_x325__NC_057813.1_10__549563721..549563740__549563476..549563740_minus_mature	3000.00	read1451_x325__NC_057813.1_10__549563721..549563740__549563476..549563740_minus	3000.00	316.00	58.00	2.00	210.00	107.00	57.00	1.00	231.00	10.00	6.00	1.00	95.00	9.00	10.00	78.00	4.00	47.00	63.00	381.00	1.00	261.00	211.00	1.00	0	5.00	0	24.00	106.00	46.00	108.00	329.00	49.00	84.00	47.00	23.00	19.00	103133.16	106617.65	2503.13	104685.94	78560.94	89905.36	1890.36	94594.59	20040.08	9244.99	1490.31	57856.27	14729.95	8467.40	55358.41	4419.89	78726.97	52282.16	107870.89	1956.95	94771.24	115237.58	11904.76	0	12953.37	0	46153.85	94390.03	101321.59	118942.73	97366.08	44505.00	120343.84	36833.86	40852.58	31772.58
read1451_x325__NC_057814.1_14__29245438..29245457__29245367..29245457_minus_mature	1938.00	read1451_x325__NC_057814.1_14__29245438..29245457__29245367..29245457_minus	1938.00	183.00	27.00	0	138.00	70.00	37.00	1.00	185.00	3.00	5.00	1.00	63.00	7.00	4.00	59.00	4.00	37.00	28.00	258.00	1.00	149.00	127.00	0	0	5.00	0	13.00	80.00	30.00	52.00	238.00	38.00	37.00	24.00	19.00	15.00	59725.85	49632.35	0	68793.62	51395.01	58359.62	1890.36	75757.58	6012.02	7704.16	1490.31	38367.84	11456.63	3386.96	41873.67	4419.89	61976.55	23236.51	73046.43	1956.95	54103.12	69361.00	0	0	12953.37	0	25000.00	71237.76	66079.30	57268.72	70435.04	34514.08	53008.60	18808.78	33747.78	25083.61
read1483_x333__NC_057797.1_9__527986201..527986221__527986201..527986245_minus_mature	2035.00	read1483_x333__NC_057797.1_9__527986201..527986221__527986201..527986245_minus	2035.00	11.00	15.00	159.00	7.00	20.00	18.00	111.00	10.00	48.00	123.00	105.00	19.00	61.00	289.00	86.00	118.00	4.00	29.00	10.00	98.00	8.00	7.00	10.00	125.00	68.00	120.00	42.00	7.00	6.00	10.00	2.00	150.00	8.00	33.00	57.00	41.00	3590.08	27573.53	198998.75	3489.53	14684.29	28391.17	209829.87	4095.00	96192.38	189522.34	156482.86	11571.25	99836.33	244707.87	61036.20	130386.74	6700.17	24066.39	2831.26	191780.82	2904.87	3823.05	119047.62	236294.90	176165.80	264900.66	80769.23	6233.30	13215.86	11013.22	591.89	136239.78	11461.32	25862.07	101243.34	68561.87
read1502_x319__NC_057797.1_9__527986201..527986221__527986201..527986245_minus_mature	2035.00	read1502_x319__NC_057797.1_9__527986201..527986221__527986201..527986245_minus	2035.00	11.00	15.00	159.00	7.00	20.00	18.00	111.00	10.00	48.00	123.00	105.00	19.00	61.00	289.00	86.00	118.00	4.00	29.00	10.00	98.00	8.00	7.00	10.00	125.00	68.00	120.00	42.00	7.00	6.00	10.00	2.00	150.00	8.00	33.00	57.00	41.00	3590.08	27573.53	198998.75	3489.53	14684.29	28391.17	209829.87	4095.00	96192.38	189522.34	156482.86	11571.25	99836.33	244707.87	61036.20	130386.74	6700.17	24066.39	2831.26	191780.82	2904.87	3823.05	119047.62	236294.90	176165.80	264900.66	80769.23	6233.30	13215.86	11013.22	591.89	136239.78	11461.32	25862.07	101243.34	68561.87
read16396_x75__NC_057809.1_40__115429641..115429661__115429641..115429718_minus_mature	139.00	read16396_x75__NC_057809.1_40__115429641..115429661__115429641..115429718_minus	139.00	0	3.00	3.00	3.00	9.00	4.00	0	0	7.00	6.00	1.00	31.00	0	7.00	8.00	0	5.00	18.00	0	0	0	0	0	0	0	0	3.00	4.00	0	0	5.00	6.00	0	0	7.00	9.00	0	5514.71	3754.69	1495.51	6607.93	6309.15	0	0	14028.06	9244.99	1490.31	18879.42	0	5927.18	5677.79	0	8375.21	14937.76	0	0	0	0	0	0	0	0	5769.23	3561.89	0	0	1479.73	5449.59	0	0	12433.39	15050.17
read16396_x75__NC_057810.1_47__183024808..183024828__183024808..183024885_minus_mature	139.00	read16396_x75__NC_057810.1_47__183024808..183024828__183024808..183024885_minus	139.00	0	3.00	3.00	3.00	9.00	4.00	0	0	7.00	6.00	1.00	31.00	0	7.00	8.00	0	5.00	18.00	0	0	0	0	0	0	0	0	3.00	4.00	0	0	5.00	6.00	0	0	7.00	9.00	0	5514.71	3754.69	1495.51	6607.93	6309.15	0	0	14028.06	9244.99	1490.31	18879.42	0	5927.18	5677.79	0	8375.21	14937.76	0	0	0	0	0	0	0	0	5769.23	3561.89	0	0	1479.73	5449.59	0	0	12433.39	15050.17
read16396_x75__NC_057811.1_10__117325186..117325206__117325129..117325206_plus_mature	139.00	read16396_x75__NC_057811.1_10__117325186..117325206__117325129..117325206_plus	139.00	0	3.00	3.00	3.00	9.00	4.00	0	0	7.00	6.00	1.00	31.00	0	7.00	8.00	0	5.00	18.00	0	0	0	0	0	0	0	0	3.00	4.00	0	0	5.00	6.00	0	0	7.00	9.00	0	5514.71	3754.69	1495.51	6607.93	6309.15	0	0	14028.06	9244.99	1490.31	18879.42	0	5927.18	5677.79	0	8375.21	14937.76	0	0	0	0	0	0	0	0	5769.23	3561.89	0	0	1479.73	5449.59	0	0	12433.39	15050.17
read1674_x317__NC_057798.1_43__376905698..376905717__376905698..376905932_minus_mature	1939.00	read1674_x317__NC_057798.1_43__376905698..376905717__376905698..376905932_minus	1939.00	182.00	27.00	0	138.00	70.00	37.00	1.00	186.00	3.00	5.00	1.00	63.00	7.00	4.00	59.00	4.00	37.00	28.00	258.00	1.00	149.00	127.00	0	0	5.00	0	13.00	80.00	30.00	52.00	239.00	38.00	37.00	24.00	19.00	15.00	59399.48	49632.35	0	68793.62	51395.01	58359.62	1890.36	76167.08	6012.02	7704.16	1490.31	38367.84	11456.63	3386.96	41873.67	4419.89	61976.55	23236.51	73046.43	1956.95	54103.12	69361.00	0	0	12953.37	0	25000.00	71237.76	66079.30	57268.72	70730.99	34514.08	53008.60	18808.78	33747.78	25083.61
read1674_x317__NC_057807.1_43__290487842..290487861__290487663..290487861_minus_mature	1941.00	read1674_x317__NC_057807.1_43__290487842..290487861__290487663..290487861_minus	1941.00	183.00	27.00	0	138.00	70.00	37.00	1.00	185.00	3.00	5.00	1.00	63.00	7.00	4.00	59.00	4.00	37.00	28.00	260.00	1.00	149.00	127.00	0	0	5.00	0	13.00	80.00	30.00	52.00	238.00	38.00	38.00	24.00	19.00	15.00	59725.85	49632.35	0	68793.62	51395.01	58359.62	1890.36	75757.58	6012.02	7704.16	1490.31	38367.84	11456.63	3386.96	41873.67	4419.89	61976.55	23236.51	73612.68	1956.95	54103.12	69361.00	0	0	12953.37	0	25000.00	71237.76	66079.30	57268.72	70435.04	34514.08	54441.26	18808.78	33747.78	25083.61
read1674_x317__NC_057813.1_26__549563721..549563740__549563476..549563740_minus_mature	3000.00	read1674_x317__NC_057813.1_26__549563721..549563740__549563476..549563740_minus	3000.00	316.00	58.00	2.00	210.00	107.00	57.00	1.00	231.00	10.00	6.00	1.00	95.00	9.00	10.00	78.00	4.00	47.00	63.00	381.00	1.00	261.00	211.00	1.00	0	5.00	0	24.00	106.00	46.00	108.00	329.00	49.00	84.00	47.00	23.00	19.00	103133.16	106617.65	2503.13	104685.94	78560.94	89905.36	1890.36	94594.59	20040.08	9244.99	1490.31	57856.27	14729.95	8467.40	55358.41	4419.89	78726.97	52282.16	107870.89	1956.95	94771.24	115237.58	11904.76	0	12953.37	0	46153.85	94390.03	101321.59	118942.73	97366.08	44505.00	120343.84	36833.86	40852.58	31772.58
read1674_x317__NC_057814.1_36__29245438..29245457__29245367..29245457_minus_mature	1938.00	read1674_x317__NC_057814.1_36__29245438..29245457__29245367..29245457_minus	1938.00	183.00	27.00	0	138.00	70.00	37.00	1.00	185.00	3.00	5.00	1.00	63.00	7.00	4.00	59.00	4.00	37.00	28.00	258.00	1.00	149.00	127.00	0	0	5.00	0	13.00	80.00	30.00	52.00	238.00	38.00	37.00	24.00	19.00	15.00	59725.85	49632.35	0	68793.62	51395.01	58359.62	1890.36	75757.58	6012.02	7704.16	1490.31	38367.84	11456.63	3386.96	41873.67	4419.89	61976.55	23236.51	73046.43	1956.95	54103.12	69361.00	0	0	12953.37	0	25000.00	71237.76	66079.30	57268.72	70435.04	34514.08	53008.60	18808.78	33747.78	25083.61
read184570_x12__NC_057794.1_11__327919206..327919226__327919131..327919226_plus_mature	45.00	read184570_x12__NC_057794.1_11__327919206..327919226__327919131..327919226_plus	45.00	6.00	0	0	0	5.00	0	3.00	0	1.00	0	0	7.00	6.00	2.00	4.00	0	0	5.00	0	0	0	0	0	1.00	0	0	0	0	0	0	3.00	0	0	0	0	2.00	1958.22	0	0	0	3671.07	0	5671.08	0	2004.01	0	0	4263.09	9819.97	1693.48	2838.89	0	0	4149.38	0	0	0	0	0	1890.36	0	0	0	0	0	0	887.84	0	0	0	0	3344.48
read184570_x12__NC_057795.1_45__364044174..364044194__364044174..364044269_minus_mature	45.00	read184570_x12__NC_057795.1_45__364044174..364044194__364044174..364044269_minus	45.00	6.00	0	0	0	5.00	0	3.00	0	1.00	0	0	7.00	6.00	2.00	4.00	0	0	5.00	0	0	0	0	0	1.00	0	0	0	0	0	0	3.00	0	0	0	0	2.00	1958.22	0	0	0	3671.07	0	5671.08	0	2004.01	0	0	4263.09	9819.97	1693.48	2838.89	0	0	4149.38	0	0	0	0	0	1890.36	0	0	0	0	0	0	887.84	0	0	0	0	3344.48
read184570_x12__NC_057796.1_19__257227808..257227828__257227733..257227828_plus_mature	45.00	read184570_x12__NC_057796.1_19__257227808..257227828__257227733..257227828_plus	45.00	6.00	0	0	0	5.00	0	3.00	0	1.00	0	0	7.00	6.00	2.00	4.00	0	0	5.00	0	0	0	0	0	1.00	0	0	0	0	0	0	3.00	0	0	0	0	2.00	1958.22	0	0	0	3671.07	0	5671.08	0	2004.01	0	0	4263.09	9819.97	1693.48	2838.89	0	0	4149.38	0	0	0	0	0	1890.36	0	0	0	0	0	0	887.84	0	0	0	0	3344.48
read184570_x12__NC_057803.1_54__16368380..16368400__16368380..16368476_minus_mature	45.00	read184570_x12__NC_057803.1_54__16368380..16368400__16368380..16368476_minus	45.00	6.00	0	0	0	5.00	0	3.00	0	1.00	0	0	7.00	6.00	2.00	4.00	0	0	5.00	0	0	0	0	0	1.00	0	0	0	0	0	0	3.00	0	0	0	0	2.00	1958.22	0	0	0	3671.07	0	5671.08	0	2004.01	0	0	4263.09	9819.97	1693.48	2838.89	0	0	4149.38	0	0	0	0	0	1890.36	0	0	0	0	0	0	887.84	0	0	0	0	3344.48
read184570_x12__NC_057804.1_23__562353047..562353067__562352972..562353067_plus_mature	45.00	read184570_x12__NC_057804.1_23__562353047..562353067__562352972..562353067_plus	45.00	6.00	0	0	0	5.00	0	3.00	0	1.00	0	0	7.00	6.00	2.00	4.00	0	0	5.00	0	0	0	0	0	1.00	0	0	0	0	0	0	3.00	0	0	0	0	2.00	1958.22	0	0	0	3671.07	0	5671.08	0	2004.01	0	0	4263.09	9819.97	1693.48	2838.89	0	0	4149.38	0	0	0	0	0	1890.36	0	0	0	0	0	0	887.84	0	0	0	0	3344.48
read184570_x12__NC_057805.1_15__450392780..450392800__450392711..450392800_plus_mature	45.00	read184570_x12__NC_057805.1_15__450392780..450392800__450392711..450392800_plus	45.00	6.00	0	0	0	5.00	0	3.00	0	1.00	0	0	7.00	6.00	2.00	4.00	0	0	5.00	0	0	0	0	0	1.00	0	0	0	0	0	0	3.00	0	0	0	0	2.00	1958.22	0	0	0	3671.07	0	5671.08	0	2004.01	0	0	4263.09	9819.97	1693.48	2838.89	0	0	4149.38	0	0	0	0	0	1890.36	0	0	0	0	0	0	887.84	0	0	0	0	3344.48
read184570_x12__NC_057806.1_25__579923559..579923579__579923559..579923630_minus_mature	45.00	read184570_x12__NC_057806.1_25__579923559..579923579__579923559..579923630_minus	45.00	6.00	0	0	0	5.00	0	3.00	0	1.00	0	0	7.00	6.00	2.00	4.00	0	0	5.00	0	0	0	0	0	1.00	0	0	0	0	0	0	3.00	0	0	0	0	2.00	1958.22	0	0	0	3671.07	0	5671.08	0	2004.01	0	0	4263.09	9819.97	1693.48	2838.89	0	0	4149.38	0	0	0	0	0	1890.36	0	0	0	0	0	0	887.84	0	0	0	0	3344.48
read184570_x12__NC_057807.1_20__566228440..566228460__566228440..566228515_minus_mature	45.00	read184570_x12__NC_057807.1_20__566228440..566228460__566228440..566228515_minus	45.00	6.00	0	0	0	5.00	0	3.00	0	1.00	0	0	7.00	6.00	2.00	4.00	0	0	5.00	0	0	0	0	0	1.00	0	0	0	0	0	0	3.00	0	0	0	0	2.00	1958.22	0	0	0	3671.07	0	5671.08	0	2004.01	0	0	4263.09	9819.97	1693.48	2838.89	0	0	4149.38	0	0	0	0	0	1890.36	0	0	0	0	0	0	887.84	0	0	0	0	3344.48
read184570_x12__NC_057808.1_46__461763245..461763265__461763245..461763320_minus_mature	45.00	read184570_x12__NC_057808.1_46__461763245..461763265__461763245..461763320_minus	45.00	6.00	0	0	0	5.00	0	3.00	0	1.00	0	0	7.00	6.00	2.00	4.00	0	0	5.00	0	0	0	0	0	1.00	0	0	0	0	0	0	3.00	0	0	0	0	2.00	1958.22	0	0	0	3671.07	0	5671.08	0	2004.01	0	0	4263.09	9819.97	1693.48	2838.89	0	0	4149.38	0	0	0	0	0	1890.36	0	0	0	0	0	0	887.84	0	0	0	0	3344.48
read184570_x12__NC_057809.1_24__563503013..563503033__563502931..563503033_plus_mature	3.00	read184570_x12__NC_057809.1_24__563503013..563503033__563502931..563503033_plus	3.00	0	0	0	0	0	0	3.00	0	0	0	0	0	0	0	0	0	0	0	0	0	0	0	0	0	0	0	0	0	0	0	0	0	0	0	0	0	0	0	0	0	0	0	5671.08	0	0	0	0	0	0	0	0	0	0	0	0	0	0	0	0	0	0	0	0	0	0	0	0	0	0	0	0	0
read184570_x12__NC_057810.1_25__638235812..638235832__638235712..638235832_plus_mature	3.00	read184570_x12__NC_057810.1_25__638235812..638235832__638235712..638235832_plus	3.00	0	0	0	0	0	0	3.00	0	0	0	0	0	0	0	0	0	0	0	0	0	0	0	0	0	0	0	0	0	0	0	0	0	0	0	0	0	0	0	0	0	0	0	5671.08	0	0	0	0	0	0	0	0	0	0	0	0	0	0	0	0	0	0	0	0	0	0	0	0	0	0	0	0	0
read184570_x12__NC_057811.1_22__439685224..439685244__439685126..439685244_plus_mature	3.00	read184570_x12__NC_057811.1_22__439685224..439685244__439685126..439685244_plus	3.00	0	0	0	0	0	0	3.00	0	0	0	0	0	0	0	0	0	0	0	0	0	0	0	0	0	0	0	0	0	0	0	0	0	0	0	0	0	0	0	0	0	0	0	5671.08	0	0	0	0	0	0	0	0	0	0	0	0	0	0	0	0	0	0	0	0	0	0	0	0	0	0	0	0	0
read184570_x12__NC_057814.1_27__497236861..497236881__497236861..497237014_minus_mature	45.00	read184570_x12__NC_057814.1_27__497236861..497236881__497236861..497237014_minus	45.00	6.00	0	0	0	5.00	0	3.00	0	1.00	0	0	7.00	6.00	2.00	4.00	0	0	5.00	0	0	0	0	0	1.00	0	0	0	0	0	0	3.00	0	0	0	0	2.00	1958.22	0	0	0	3671.07	0	5671.08	0	2004.01	0	0	4263.09	9819.97	1693.48	2838.89	0	0	4149.38	0	0	0	0	0	1890.36	0	0	0	0	0	0	887.84	0	0	0	0	3344.48
read208941_x11__NC_057800.1_49__140723878..140723897__140723878..140724050_minus_mature	8.00	read208941_x11__NC_057800.1_49__140723878..140723897__140723878..140724050_minus	8.00	0	1.00	2.00	0	1.00	0	1.00	0	0	0	0	0	0	1.00	0	0	0	1.00	0	0	0	0	0	0	0	0	0	0	0	0	0	1.00	0	0	0	0	0	1838.24	2503.13	0	734.21	0	1890.36	0	0	0	0	0	0	846.74	0	0	0	829.88	0	0	0	0	0	0	0	0	0	0	0	0	0	908.27	0	0	0	0
read208941_x11__NC_057801.1_46__186142777..186142796__186142777..186142950_minus_mature	8.00	read208941_x11__NC_057801.1_46__186142777..186142796__186142777..186142950_minus	8.00	0	1.00	2.00	0	1.00	0	1.00	0	0	0	0	0	0	1.00	0	0	0	1.00	0	0	0	0	0	0	0	0	0	0	0	0	0	1.00	0	0	0	0	0	1838.24	2503.13	0	734.21	0	1890.36	0	0	0	0	0	0	846.74	0	0	0	829.88	0	0	0	0	0	0	0	0	0	0	0	0	0	908.27	0	0	0	0
read208941_x11__NC_057802.1_30__123239880..123239899__123239880..123240052_minus_mature	8.00	read208941_x11__NC_057802.1_30__123239880..123239899__123239880..123240052_minus	8.00	0	1.00	2.00	0	1.00	0	1.00	0	0	0	0	0	0	1.00	0	0	0	1.00	0	0	0	0	0	0	0	0	0	0	0	0	0	1.00	0	0	0	0	0	1838.24	2503.13	0	734.21	0	1890.36	0	0	0	0	0	0	846.74	0	0	0	829.88	0	0	0	0	0	0	0	0	0	0	0	0	0	908.27	0	0	0	0
read208941_x11__NC_057812.1_30__598685172..598685191__598685172..598685344_minus_mature	8.00	read208941_x11__NC_057812.1_30__598685172..598685191__598685172..598685344_minus	8.00	0	1.00	2.00	0	1.00	0	1.00	0	0	0	0	0	0	1.00	0	0	0	1.00	0	0	0	0	0	0	0	0	0	0	0	0	0	1.00	0	0	0	0	0	1838.24	2503.13	0	734.21	0	1890.36	0	0	0	0	0	0	846.74	0	0	0	829.88	0	0	0	0	0	0	0	0	0	0	0	0	0	908.27	0	0	0	0
read2150_x259__NC_057810.1_21__327108141..327108160__327108141..327108392_minus_mature	2050.00	read2150_x259__NC_057810.1_21__327108141..327108160__327108141..327108392_minus	2050.00	162.00	0	1.00	11.00	0	0	16.00	0	3.00	3.00	0	34.00	12.00	3.00	7.00	5.00	2.00	239.00	9.00	7.00	536.00	12.00	1.00	8.00	4.00	1.00	3.00	1.00	0	68.00	22.00	22.00	56.00	800.00	0	2.00	52872.06	0	1251.56	5483.55	0	0	30245.75	0	6012.02	4622.50	0	20706.46	19639.93	2540.22	4968.06	5524.86	3350.08	198340.25	2548.13	13698.63	194626.00	6553.80	11904.76	15122.87	10362.69	2207.51	5769.23	890.47	0	74889.87	6510.80	19981.83	80229.23	626959.25	0	3344.48
read22849_x59__NC_057800.1_2__14041266..14041286__14041120..14041286_plus_mature	202.00	read22849_x59__NC_057800.1_2__14041266..14041286__14041120..14041286_plus	202.00	3.00	2.00	12.00	2.00	14.00	0	8.00	2.00	15.00	22.00	3.00	18.00	15.00	11.00	27.00	0	1.00	13.00	0	0	0	0	0	0	0	0	1.00	0	0	0	10.00	7.00	0	0	3.00	13.00	979.11	3676.47	15018.77	997.01	10279.00	0	15122.87	819.00	30060.12	33898.31	4470.94	10962.24	24549.92	9314.14	19162.53	0	1675.04	10788.38	0	0	0	0	0	0	0	0	1923.08	0	0	0	2959.46	6357.86	0	0	5328.60	21739.13
read22849_x59__NC_057801.1_68__12799151..12799171__12799151..12799321_minus_mature	202.00	read22849_x59__NC_057801.1_68__12799151..12799171__12799151..12799321_minus	202.00	3.00	2.00	12.00	2.00	14.00	0	8.00	2.00	15.00	22.00	3.00	18.00	15.00	11.00	27.00	0	1.00	13.00	0	0	0	0	0	0	0	0	1.00	0	0	0	10.00	7.00	0	0	3.00	13.00	979.11	3676.47	15018.77	997.01	10279.00	0	15122.87	819.00	30060.12	33898.31	4470.94	10962.24	24549.92	9314.14	19162.53	0	1675.04	10788.38	0	0	0	0	0	0	0	0	1923.08	0	0	0	2959.46	6357.86	0	0	5328.60	21739.13
read22849_x59__NC_057802.1_48__6524965..6524985__6524965..6525135_minus_mature	202.00	read22849_x59__NC_057802.1_48__6524965..6524985__6524965..6525135_minus	202.00	3.00	2.00	12.00	2.00	14.00	0	8.00	2.00	15.00	22.00	3.00	18.00	15.00	11.00	27.00	0	1.00	13.00	0	0	0	0	0	0	0	0	1.00	0	0	0	10.00	7.00	0	0	3.00	13.00	979.11	3676.47	15018.77	997.01	10279.00	0	15122.87	819.00	30060.12	33898.31	4470.94	10962.24	24549.92	9314.14	19162.53	0	1675.04	10788.38	0	0	0	0	0	0	0	0	1923.08	0	0	0	2959.46	6357.86	0	0	5328.60	21739.13
read22849_x59__NC_057803.1_16__613559954..613559974__613559803..613559974_plus_mature	2.00	read22849_x59__NC_057803.1_16__613559954..613559974__613559803..613559974_plus	2.00	0	0	0	0	0	0	0	0	0	1.00	0	0	0	1.00	0	0	0	0	0	0	0	0	0	0	0	0	0	0	0	0	0	0	0	0	0	0	0	0	0	0	0	0	0	0	0	1540.83	0	0	0	846.74	0	0	0	0	0	0	0	0	0	0	0	0	0	0	0	0	0	0	0	0	0	0
read22849_x59__NC_057808.1_28__557751716..557751736__557751716..557751887_minus_mature	2.00	read22849_x59__NC_057808.1_28__557751716..557751736__557751716..557751887_minus	2.00	0	0	0	0	0	0	0	0	0	1.00	0	0	0	1.00	0	0	0	0	0	0	0	0	0	0	0	0	0	0	0	0	0	0	0	0	0	0	0	0	0	0	0	0	0	0	0	1540.83	0	0	0	846.74	0	0	0	0	0	0	0	0	0	0	0	0	0	0	0	0	0	0	0	0	0	0
read2400_x256__NC_057795.1_33__524181097..524181116__524181042..524181116_plus_mature	1369.00	read2400_x256__NC_057795.1_33__524181097..524181116__524181042..524181116_plus	1369.00	6.00	20.00	75.00	4.00	20.00	5.00	18.00	5.00	55.00	26.00	160.00	1.00	34.00	46.00	29.00	249.00	24.00	15.00	11.00	99.00	10.00	11.00	25.00	63.00	56.00	46.00	76.00	6.00	14.00	9.00	9.00	31.00	15.00	10.00	39.00	47.00	1958.22	36764.71	93867.33	1994.02	14684.29	7886.44	34026.47	2047.50	110220.44	40061.63	238450.07	609.01	55646.48	38950.04	20581.97	275138.12	40201.01	12448.13	3114.38	193737.77	3631.08	6007.65	297619.05	119092.63	145077.72	101545.25	146153.85	5342.83	30837.00	9911.89	2663.51	28156.22	21489.97	7836.99	69271.76	78595.32
read311376_x8__NC_057800.1_44__658412834..658412854__658412834..658412907_minus_mature	12.00	read311376_x8__NC_057800.1_44__658412834..658412854__658412834..658412907_minus	12.00	0	0	2.00	1.00	0	0	1.00	0	1.00	0	0	0	2.00	0	2.00	0	0	0	0	0	0	0	0	0	0	0	2.00	0	0	0	0	0	0	0	0	1.00	0	0	2503.13	498.50	0	0	1890.36	0	2004.01	0	0	0	3273.32	0	1419.45	0	0	0	0	0	0	0	0	0	0	0	3846.15	0	0	0	0	0	0	0	0	1672.24
read311376_x8__NC_057801.1_35__705187839..705187859__705187839..705187922_minus_mature	12.00	read311376_x8__NC_057801.1_35__705187839..705187859__705187839..705187922_minus	12.00	0	0	2.00	1.00	0	0	1.00	0	1.00	0	0	0	2.00	0	2.00	0	0	0	0	0	0	0	0	0	0	0	2.00	0	0	0	0	0	0	0	0	1.00	0	0	2503.13	498.50	0	0	1890.36	0	2004.01	0	0	0	3273.32	0	1419.45	0	0	0	0	0	0	0	0	0	0	0	3846.15	0	0	0	0	0	0	0	0	1672.24
read311376_x8__NC_057802.1_23__524085561..524085581__524085561..524085628_minus_mature	12.00	read311376_x8__NC_057802.1_23__524085561..524085581__524085561..524085628_minus	12.00	0	0	2.00	1.00	0	0	1.00	0	1.00	0	0	0	2.00	0	2.00	0	0	0	0	0	0	0	0	0	0	0	2.00	0	0	0	0	0	0	0	0	1.00	0	0	2503.13	498.50	0	0	1890.36	0	2004.01	0	0	0	3273.32	0	1419.45	0	0	0	0	0	0	0	0	0	0	0	3846.15	0	0	0	0	0	0	0	0	1672.24
read311376_x8__NC_057802.1_25__523968215..523968235__523968215..523968298_minus_mature	12.00	read311376_x8__NC_057802.1_25__523968215..523968235__523968215..523968298_minus	12.00	0	0	2.00	1.00	0	0	1.00	0	1.00	0	0	0	2.00	0	2.00	0	0	0	0	0	0	0	0	0	0	0	2.00	0	0	0	0	0	0	0	0	1.00	0	0	2503.13	498.50	0	0	1890.36	0	2004.01	0	0	0	3273.32	0	1419.45	0	0	0	0	0	0	0	0	0	0	0	3846.15	0	0	0	0	0	0	0	0	1672.24
read31190_x48__NC_057802.1_20__577151602..577151623__577151465..577151623_minus_mature	126.00	read31190_x48__NC_057802.1_20__577151602..577151623__577151465..577151623_minus	126.00	4.00	1.00	6.00	6.00	8.00	5.00	5.00	4.00	6.00	5.00	0	16.00	8.00	2.00	16.00	0	1.00	5.00	0	0	8.00	0	0	0	0	0	4.00	2.00	0	0	8.00	3.00	0	0	1.00	2.00	1305.48	1838.24	7509.39	2991.03	5873.72	7886.44	9451.80	1638.00	12024.05	7704.16	0	9744.21	13093.29	1693.48	11355.57	0	1675.04	4149.38	0	0	2904.87	0	0	0	0	0	7692.31	1780.94	0	0	2367.56	2724.80	0	0	1776.20	3344.48
read3172859_x2__NC_057813.1_22__744296015..744296036__744296015..744296094_minus_mature	6.00	read3172859_x2__NC_057813.1_22__744296015..744296036__744296015..744296094_minus	6.00	3.00	0	0	0	0	0	0	0	0	0	0	0	0	0	1.00	0	0	0	0	0	0	0	0	0	0	0	0	0	0	0	2.00	0	0	0	0	0	979.11	0	0	0	0	0	0	0	0	0	0	0	0	0	709.72	0	0	0	0	0	0	0	0	0	0	0	0	0	0	0	591.89	0	0	0	0	0
read330262_x8__NC_057809.1_4__56670205..56670225__56670205..56670272_plus_mature	42.00	read330262_x8__NC_057809.1_4__56670205..56670225__56670205..56670272_plus	42.00	3.00	0	3.00	1.00	3.00	2.00	0	0	1.00	1.00	1.00	10.00	0	2.00	3.00	0	2.00	3.00	0	0	2.00	0	0	0	0	0	0	0	0	0	4.00	0	0	0	0	1.00	979.11	0	3754.69	498.50	2202.64	3154.57	0	0	2004.01	1540.83	1490.31	6090.13	0	1693.48	2129.17	0	3350.08	2489.63	0	0	726.22	0	0	0	0	0	0	0	0	0	1183.78	0	0	0	0	1672.24
read330262_x8__NC_057810.1_50__109033164..109033184__109033117..109033184_minus_mature	42.00	read330262_x8__NC_057810.1_50__109033164..109033184__109033117..109033184_minus	42.00	3.00	0	3.00	1.00	3.00	2.00	0	0	1.00	1.00	1.00	10.00	0	2.00	3.00	0	2.00	3.00	0	0	2.00	0	0	0	0	0	0	0	0	0	4.00	0	0	0	0	1.00	979.11	0	3754.69	498.50	2202.64	3154.57	0	0	2004.01	1540.83	1490.31	6090.13	0	1693.48	2129.17	0	3350.08	2489.63	0	0	726.22	0	0	0	0	0	0	0	0	0	1183.78	0	0	0	0	1672.24
read330262_x8__NC_057811.1_4__64801448..64801468__64801448..64801515_plus_mature	42.00	read330262_x8__NC_057811.1_4__64801448..64801468__64801448..64801515_plus	42.00	3.00	0	3.00	1.00	3.00	2.00	0	0	1.00	1.00	1.00	10.00	0	2.00	3.00	0	2.00	3.00	0	0	2.00	0	0	0	0	0	0	0	0	0	4.00	0	0	0	0	1.00	979.11	0	3754.69	498.50	2202.64	3154.57	0	0	2004.01	1540.83	1490.31	6090.13	0	1693.48	2129.17	0	3350.08	2489.63	0	0	726.22	0	0	0	0	0	0	0	0	0	1183.78	0	0	0	0	1672.24
read36094_x43__NC_057802.1_18__577151602..577151623__577151465..577151623_minus_mature	126.00	read36094_x43__NC_057802.1_18__577151602..577151623__577151465..577151623_minus	126.00	4.00	1.00	6.00	6.00	8.00	5.00	5.00	4.00	6.00	5.00	0	16.00	8.00	2.00	16.00	0	1.00	5.00	0	0	8.00	0	0	0	0	0	4.00	2.00	0	0	8.00	3.00	0	0	1.00	2.00	1305.48	1838.24	7509.39	2991.03	5873.72	7886.44	9451.80	1638.00	12024.05	7704.16	0	9744.21	13093.29	1693.48	11355.57	0	1675.04	4149.38	0	0	2904.87	0	0	0	0	0	7692.31	1780.94	0	0	2367.56	2724.80	0	0	1776.20	3344.48
read365666_x7__NC_057800.1_53__140723877..140723896__140723877..140724051_minus_mature	8.00	read365666_x7__NC_057800.1_53__140723877..140723896__140723877..140724051_minus	8.00	0	1.00	2.00	0	1.00	0	1.00	0	0	0	0	0	0	1.00	0	0	0	1.00	0	0	0	0	0	0	0	0	0	0	0	0	0	1.00	0	0	0	0	0	1838.24	2503.13	0	734.21	0	1890.36	0	0	0	0	0	0	846.74	0	0	0	829.88	0	0	0	0	0	0	0	0	0	0	0	0	0	908.27	0	0	0	0
read365666_x7__NC_057801.1_54__186142776..186142795__186142776..186142951_minus_mature	8.00	read365666_x7__NC_057801.1_54__186142776..186142795__186142776..186142951_minus	8.00	0	1.00	2.00	0	1.00	0	1.00	0	0	0	0	0	0	1.00	0	0	0	1.00	0	0	0	0	0	0	0	0	0	0	0	0	0	1.00	0	0	0	0	0	1838.24	2503.13	0	734.21	0	1890.36	0	0	0	0	0	0	846.74	0	0	0	829.88	0	0	0	0	0	0	0	0	0	0	0	0	0	908.27	0	0	0	0
read365666_x7__NC_057802.1_34__123239879..123239898__123239879..123240053_minus_mature	8.00	read365666_x7__NC_057802.1_34__123239879..123239898__123239879..123240053_minus	8.00	0	1.00	2.00	0	1.00	0	1.00	0	0	0	0	0	0	1.00	0	0	0	1.00	0	0	0	0	0	0	0	0	0	0	0	0	0	1.00	0	0	0	0	0	1838.24	2503.13	0	734.21	0	1890.36	0	0	0	0	0	0	846.74	0	0	0	829.88	0	0	0	0	0	0	0	0	0	0	0	0	0	908.27	0	0	0	0
read365666_x7__NC_057812.1_38__598685171..598685190__598685171..598685345_minus_mature	8.00	read365666_x7__NC_057812.1_38__598685171..598685190__598685171..598685345_minus	8.00	0	1.00	2.00	0	1.00	0	1.00	0	0	0	0	0	0	1.00	0	0	0	1.00	0	0	0	0	0	0	0	0	0	0	0	0	0	1.00	0	0	0	0	0	1838.24	2503.13	0	734.21	0	1890.36	0	0	0	0	0	0	846.74	0	0	0	829.88	0	0	0	0	0	0	0	0	0	0	0	0	0	908.27	0	0	0	0
read404870_x7__NC_057800.1_6__76933959..76933979__76933892..76933979_plus_mature	10.00	read404870_x7__NC_057800.1_6__76933959..76933979__76933892..76933979_plus	10.00	0	0	0	1.00	3.00	0	0	0	2.00	1.00	0	1.00	0	0	0	0	0	1.00	0	0	0	0	0	0	0	0	0	0	0	0	1.00	0	0	0	0	0	0	0	0	498.50	2202.64	0	0	0	4008.02	1540.83	0	609.01	0	0	0	0	0	829.88	0	0	0	0	0	0	0	0	0	0	0	0	295.95	0	0	0	0	0
read404870_x7__NC_057801.1_63__121103021..121103041__121103021..121103108_minus_mature	10.00	read404870_x7__NC_057801.1_63__121103021..121103041__121103021..121103108_minus	10.00	0	0	0	1.00	3.00	0	0	0	2.00	1.00	0	1.00	0	0	0	0	0	1.00	0	0	0	0	0	0	0	0	0	0	0	0	1.00	0	0	0	0	0	0	0	0	498.50	2202.64	0	0	0	4008.02	1540.83	0	609.01	0	0	0	0	0	829.88	0	0	0	0	0	0	0	0	0	0	0	0	295.95	0	0	0	0	0
read404870_x7__NC_057802.1_41__65726658..65726678__65726658..65726745_minus_mature	10.00	read404870_x7__NC_057802.1_41__65726658..65726678__65726658..65726745_minus	10.00	0	0	0	1.00	3.00	0	0	0	2.00	1.00	0	1.00	0	0	0	0	0	1.00	0	0	0	0	0	0	0	0	0	0	0	0	1.00	0	0	0	0	0	0	0	0	498.50	2202.64	0	0	0	4008.02	1540.83	0	609.01	0	0	0	0	0	829.88	0	0	0	0	0	0	0	0	0	0	0	0	295.95	0	0	0	0	0
read404870_x7__NC_057806.1_35__440647120..440647140__440647120..440647233_minus_mature	10.00	read404870_x7__NC_057806.1_35__440647120..440647140__440647120..440647233_minus	10.00	0	0	0	1.00	3.00	0	0	0	2.00	1.00	0	1.00	0	0	0	0	0	1.00	0	0	0	0	0	0	0	0	0	0	0	0	1.00	0	0	0	0	0	0	0	0	498.50	2202.64	0	0	0	4008.02	1540.83	0	609.01	0	0	0	0	0	829.88	0	0	0	0	0	0	0	0	0	0	0	0	295.95	0	0	0	0	0
read404870_x7__NC_057807.1_24__401363583..401363603__401363583..401363694_minus_mature	10.00	read404870_x7__NC_057807.1_24__401363583..401363603__401363583..401363694_minus	10.00	0	0	0	1.00	3.00	0	0	0	2.00	1.00	0	1.00	0	0	0	0	0	1.00	0	0	0	0	0	0	0	0	0	0	0	0	1.00	0	0	0	0	0	0	0	0	498.50	2202.64	0	0	0	4008.02	1540.83	0	609.01	0	0	0	0	0	829.88	0	0	0	0	0	0	0	0	0	0	0	0	295.95	0	0	0	0	0
read404870_x7__NC_057808.1_50__342353224..342353244__342353224..342353337_minus_mature	10.00	read404870_x7__NC_057808.1_50__342353224..342353244__342353224..342353337_minus	10.00	0	0	0	1.00	3.00	0	0	0	2.00	1.00	0	1.00	0	0	0	0	0	1.00	0	0	0	0	0	0	0	0	0	0	0	0	1.00	0	0	0	0	0	0	0	0	498.50	2202.64	0	0	0	4008.02	1540.83	0	609.01	0	0	0	0	0	829.88	0	0	0	0	0	0	0	0	0	0	0	0	295.95	0	0	0	0	0
read448870_x6__NC_057804.1_24__612239804..612239824__612239804..612239889_plus_mature	23.00	read448870_x6__NC_057804.1_24__612239804..612239824__612239804..612239889_plus	23.00	2.00	0	4.00	0	1.00	0	0	0	1.00	0	0	1.00	4.00	0	0	0	0	1.00	0	0	0	0	0	0	2.00	0	2.00	0	0	0	0	0	0	0	3.00	2.00	652.74	0	5006.26	0	734.21	0	0	0	2004.01	0	0	609.01	6546.64	0	0	0	0	829.88	0	0	0	0	0	0	5181.35	0	3846.15	0	0	0	0	0	0	0	5328.60	3344.48
read448870_x6__NC_057805.1_16__483306345..483306365__483306345..483306430_plus_mature	23.00	read448870_x6__NC_057805.1_16__483306345..483306365__483306345..483306430_plus	23.00	2.00	0	4.00	0	1.00	0	0	0	1.00	0	0	1.00	4.00	0	0	0	0	1.00	0	0	0	0	0	0	2.00	0	2.00	0	0	0	0	0	0	0	3.00	2.00	652.74	0	5006.26	0	734.21	0	0	0	2004.01	0	0	609.01	6546.64	0	0	0	0	829.88	0	0	0	0	0	0	5181.35	0	3846.15	0	0	0	0	0	0	0	5328.60	3344.48
read448870_x6__NC_057806.1_16__664902147..664902167__664902147..664902229_plus_mature	23.00	read448870_x6__NC_057806.1_16__664902147..664902167__664902147..664902229_plus	23.00	2.00	0	4.00	0	1.00	0	0	0	1.00	0	0	1.00	4.00	0	0	0	0	1.00	0	0	0	0	0	0	2.00	0	2.00	0	0	0	0	0	0	0	3.00	2.00	652.74	0	5006.26	0	734.21	0	0	0	2004.01	0	0	609.01	6546.64	0	0	0	0	829.88	0	0	0	0	0	0	5181.35	0	3846.15	0	0	0	0	0	0	0	5328.60	3344.48
read553424_x5__NC_057796.1_28__492392106..492392127__492392074..492392127_minus_mature	18.00	read553424_x5__NC_057796.1_28__492392106..492392127__492392074..492392127_minus	18.00	3.00	0	0	1.00	2.00	1.00	0	0	0	0	0	1.00	1.00	0	1.00	0	2.00	4.00	0	0	0	0	0	0	0	0	0	1.00	0	0	1.00	0	0	0	0	0	979.11	0	0	498.50	1468.43	1577.29	0	0	0	0	0	609.01	1636.66	0	709.72	0	3350.08	3319.50	0	0	0	0	0	0	0	0	0	890.47	0	0	295.95	0	0	0	0	0
read553424_x5__NC_057796.1_32__462914048..462914069__462914020..462914069_minus_mature	34.00	read553424_x5__NC_057796.1_32__462914048..462914069__462914020..462914069_minus	34.00	6.00	0	0	3.00	2.00	2.00	0	1.00	1.00	0	0	5.00	0	0	2.00	0	0	6.00	0	0	0	0	0	0	0	0	0	4.00	0	0	2.00	0	0	0	0	0	1958.22	0	0	1495.51	1468.43	3154.57	0	409.50	2004.01	0	0	3045.07	0	0	1419.45	0	0	4979.25	0	0	0	0	0	0	0	0	0	3561.89	0	0	591.89	0	0	0	0	0
read590544_x5__NC_057796.1_26__492635591..492635612__492635565..492635612_minus_mature	13.00	read590544_x5__NC_057796.1_26__492635591..492635612__492635565..492635612_minus	13.00	0	0	0	1.00	2.00	0	0	4.00	0	0	0	3.00	0	0	0	0	1.00	2.00	0	0	0	0	0	0	0	0	0	0	0	0	0	0	0	0	0	0	0	0	0	498.50	1468.43	0	0	1638.00	0	0	0	1827.04	0	0	0	0	1675.04	1659.75	0	0	0	0	0	0	0	0	0	0	0	0	0	0	0	0	0	0
read616847_x5__NC_057809.1_41__109739613..109739633__109739564..109739633_minus_mature	8.00	read616847_x5__NC_057809.1_41__109739613..109739633__109739564..109739633_minus	8.00	0	3.00	0	0	0	0	0	0	2.00	0	0	0	0	0	2.00	0	0	1.00	0	0	0	0	0	0	0	0	0	0	0	0	0	0	0	0	0	0	0	5514.71	0	0	0	0	0	0	4008.02	0	0	0	0	0	1419.45	0	0	829.88	0	0	0	0	0	0	0	0	0	0	0	0	0	0	0	0	0	0
read616847_x5__NC_057810.1_48__175155659..175155679__175155609..175155679_minus_mature	8.00	read616847_x5__NC_057810.1_48__175155659..175155679__175155609..175155679_minus	8.00	0	3.00	0	0	0	0	0	0	2.00	0	0	0	0	0	2.00	0	0	1.00	0	0	0	0	0	0	0	0	0	0	0	0	0	0	0	0	0	0	0	5514.71	0	0	0	0	0	0	4008.02	0	0	0	0	0	1419.45	0	0	829.88	0	0	0	0	0	0	0	0	0	0	0	0	0	0	0	0	0	0
read62117_x29__NC_057809.1_40__115429641..115429661__115429641..115429718_minus_mature	139.00	read62117_x29__NC_057809.1_40__115429641..115429661__115429641..115429718_minus	139.00	0	3.00	3.00	3.00	9.00	4.00	0	0	7.00	6.00	1.00	31.00	0	7.00	8.00	0	5.00	18.00	0	0	0	0	0	0	0	0	3.00	4.00	0	0	5.00	6.00	0	0	7.00	9.00	0	5514.71	3754.69	1495.51	6607.93	6309.15	0	0	14028.06	9244.99	1490.31	18879.42	0	5927.18	5677.79	0	8375.21	14937.76	0	0	0	0	0	0	0	0	5769.23	3561.89	0	0	1479.73	5449.59	0	0	12433.39	15050.17
read62117_x29__NC_057810.1_45__183024808..183024828__183024808..183024885_minus_mature	139.00	read62117_x29__NC_057810.1_45__183024808..183024828__183024808..183024885_minus	139.00	0	3.00	3.00	3.00	9.00	4.00	0	0	7.00	6.00	1.00	31.00	0	7.00	8.00	0	5.00	18.00	0	0	0	0	0	0	0	0	3.00	4.00	0	0	5.00	6.00	0	0	7.00	9.00	0	5514.71	3754.69	1495.51	6607.93	6309.15	0	0	14028.06	9244.99	1490.31	18879.42	0	5927.18	5677.79	0	8375.21	14937.76	0	0	0	0	0	0	0	0	5769.23	3561.89	0	0	1479.73	5449.59	0	0	12433.39	15050.17
read62117_x29__NC_057811.1_12__117325186..117325206__117325129..117325206_plus_mature	139.00	read62117_x29__NC_057811.1_12__117325186..117325206__117325129..117325206_plus	139.00	0	3.00	3.00	3.00	9.00	4.00	0	0	7.00	6.00	1.00	31.00	0	7.00	8.00	0	5.00	18.00	0	0	0	0	0	0	0	0	3.00	4.00	0	0	5.00	6.00	0	0	7.00	9.00	0	5514.71	3754.69	1495.51	6607.93	6309.15	0	0	14028.06	9244.99	1490.31	18879.42	0	5927.18	5677.79	0	8375.21	14937.76	0	0	0	0	0	0	0	0	5769.23	3561.89	0	0	1479.73	5449.59	0	0	12433.39	15050.17
read674593_x5__NC_057804.1_22__612239805..612239824__612239805..612239888_plus_mature	10.00	read674593_x5__NC_057804.1_22__612239805..612239824__612239805..612239888_plus	10.00	0	0	0	0	1.00	0	0	0	1.00	0	0	1.00	1.00	0	0	0	0	1.00	0	0	0	0	0	0	0	0	2.00	0	0	0	0	0	0	0	3.00	0	0	0	0	0	734.21	0	0	0	2004.01	0	0	609.01	1636.66	0	0	0	0	829.88	0	0	0	0	0	0	0	0	3846.15	0	0	0	0	0	0	0	5328.60	0
read674593_x5__NC_057805.1_20__483306346..483306365__483306346..483306429_plus_mature	10.00	read674593_x5__NC_057805.1_20__483306346..483306365__483306346..483306429_plus	10.00	0	0	0	0	1.00	0	0	0	1.00	0	0	1.00	1.00	0	0	0	0	1.00	0	0	0	0	0	0	0	0	2.00	0	0	0	0	0	0	0	3.00	0	0	0	0	0	734.21	0	0	0	2004.01	0	0	609.01	1636.66	0	0	0	0	829.88	0	0	0	0	0	0	0	0	3846.15	0	0	0	0	0	0	0	5328.60	0
read674593_x5__NC_057806.1_24__664902148..664902167__664902148..664902228_plus_mature	10.00	read674593_x5__NC_057806.1_24__664902148..664902167__664902148..664902228_plus	10.00	0	0	0	0	1.00	0	0	0	1.00	0	0	1.00	1.00	0	0	0	0	1.00	0	0	0	0	0	0	0	0	2.00	0	0	0	0	0	0	0	3.00	0	0	0	0	0	734.21	0	0	0	2004.01	0	0	609.01	1636.66	0	0	0	0	829.88	0	0	0	0	0	0	0	0	3846.15	0	0	0	0	0	0	0	5328.60	0
read69445_x26__NC_057803.1_52__19455150..19455171__19455064..19455171_minus_mature	83.00	read69445_x26__NC_057803.1_52__19455150..19455171__19455064..19455171_minus	83.00	9.00	0	3.00	3.00	4.00	2.00	0	2.00	2.00	2.00	0	25.00	4.00	0	3.00	0	2.00	12.00	0	0	2.00	0	0	0	0	0	0	3.00	0	0	2.00	0	0	0	0	3.00	2937.34	0	3754.69	1495.51	2936.86	3154.57	0	819.00	4008.02	3081.66	0	15225.33	6546.64	0	2129.17	0	3350.08	9958.51	0	0	726.22	0	0	0	0	0	0	2671.42	0	0	591.89	0	0	0	0	5016.72
read69445_x26__NC_057805.1_16__447845304..447845325__447845304..447845420_plus_mature	83.00	read69445_x26__NC_057805.1_16__447845304..447845325__447845304..447845420_plus	83.00	9.00	0	3.00	3.00	4.00	2.00	0	2.00	2.00	2.00	0	25.00	4.00	0	3.00	0	2.00	12.00	0	0	2.00	0	0	0	0	0	0	3.00	0	0	2.00	0	0	0	0	3.00	2937.34	0	3754.69	1495.51	2936.86	3154.57	0	819.00	4008.02	3081.66	0	15225.33	6546.64	0	2129.17	0	3350.08	9958.51	0	0	726.22	0	0	0	0	0	0	2671.42	0	0	591.89	0	0	0	0	5016.72
read69445_x26__NC_057806.1_32__582822387..582822408__582822346..582822408_minus_mature	27.00	read69445_x26__NC_057806.1_32__582822387..582822408__582822346..582822408_minus	27.00	4.00	0	3.00	3.00	0	0	0	1.00	1.00	0	0	6.00	1.00	0	1.00	0	0	3.00	0	0	2.00	0	0	0	0	0	0	0	0	0	1.00	0	0	0	0	1.00	1305.48	0	3754.69	1495.51	0	0	0	409.50	2004.01	0	0	3654.08	1636.66	0	709.72	0	0	2489.63	0	0	726.22	0	0	0	0	0	0	0	0	0	295.95	0	0	0	0	1672.24
read69445_x26__NC_057806.1_50__55473478..55473499__55473423..55473499_minus_mature	83.00	read69445_x26__NC_057806.1_50__55473478..55473499__55473423..55473499_minus	83.00	9.00	0	3.00	3.00	4.00	2.00	0	2.00	2.00	2.00	0	25.00	4.00	0	3.00	0	2.00	12.00	0	0	2.00	0	0	0	0	0	0	3.00	0	0	2.00	0	0	0	0	3.00	2937.34	0	3754.69	1495.51	2936.86	3154.57	0	819.00	4008.02	3081.66	0	15225.33	6546.64	0	2129.17	0	3350.08	9958.51	0	0	726.22	0	0	0	0	0	0	2671.42	0	0	591.89	0	0	0	0	5016.72
read69445_x26__NC_057807.1_2__67756952..67756973__67756952..67757028_plus_mature	83.00	read69445_x26__NC_057807.1_2__67756952..67756973__67756952..67757028_plus	83.00	9.00	0	3.00	3.00	4.00	2.00	0	2.00	2.00	2.00	0	25.00	4.00	0	3.00	0	2.00	12.00	0	0	2.00	0	0	0	0	0	0	3.00	0	0	2.00	0	0	0	0	3.00	2937.34	0	3754.69	1495.51	2936.86	3154.57	0	819.00	4008.02	3081.66	0	15225.33	6546.64	0	2129.17	0	3350.08	9958.51	0	0	726.22	0	0	0	0	0	0	2671.42	0	0	591.89	0	0	0	0	5016.72
read69445_x26__NC_057807.1_35__569902058..569902079__569902005..569902079_minus_mature	27.00	read69445_x26__NC_057807.1_35__569902058..569902079__569902005..569902079_minus	27.00	4.00	0	3.00	3.00	0	0	0	1.00	1.00	0	0	6.00	1.00	0	1.00	0	0	3.00	0	0	2.00	0	0	0	0	0	0	0	0	0	1.00	0	0	0	0	1.00	1305.48	0	3754.69	1495.51	0	0	0	409.50	2004.01	0	0	3654.08	1636.66	0	709.72	0	0	2489.63	0	0	726.22	0	0	0	0	0	0	0	0	0	295.95	0	0	0	0	1672.24
read69445_x26__NC_057808.1_42__463653309..463653330__463653253..463653330_minus_mature	27.00	read69445_x26__NC_057808.1_42__463653309..463653330__463653253..463653330_minus	27.00	4.00	0	3.00	3.00	0	0	0	1.00	1.00	0	0	6.00	1.00	0	1.00	0	0	3.00	0	0	2.00	0	0	0	0	0	0	0	0	0	1.00	0	0	0	0	1.00	1305.48	0	3754.69	1495.51	0	0	0	409.50	2004.01	0	0	3654.08	1636.66	0	709.72	0	0	2489.63	0	0	726.22	0	0	0	0	0	0	0	0	0	295.95	0	0	0	0	1672.24
read69445_x26__NC_057808.1_52__63809803..63809824__63809748..63809824_minus_mature	83.00	read69445_x26__NC_057808.1_52__63809803..63809824__63809748..63809824_minus	83.00	9.00	0	3.00	3.00	4.00	2.00	0	2.00	2.00	2.00	0	25.00	4.00	0	3.00	0	2.00	12.00	0	0	2.00	0	0	0	0	0	0	3.00	0	0	2.00	0	0	0	0	3.00	2937.34	0	3754.69	1495.51	2936.86	3154.57	0	819.00	4008.02	3081.66	0	15225.33	6546.64	0	2129.17	0	3350.08	9958.51	0	0	726.22	0	0	0	0	0	0	2671.42	0	0	591.89	0	0	0	0	5016.72
read69445_x26__NC_057809.1_9__152642190..152642211__152642190..152642301_plus_mature	46.00	read69445_x26__NC_057809.1_9__152642190..152642211__152642190..152642301_plus	46.00	9.00	0	3.00	3.00	1.00	1.00	0	2.00	1.00	1.00	0	12.00	4.00	0	0	0	0	5.00	0	0	2.00	0	0	0	0	0	0	0	0	0	1.00	0	0	0	0	1.00	2937.34	0	3754.69	1495.51	734.21	1577.29	0	819.00	2004.01	1540.83	0	7308.16	6546.64	0	0	0	0	4149.38	0	0	726.22	0	0	0	0	0	0	0	0	0	295.95	0	0	0	0	1672.24
read69445_x26__NC_057810.1_42__220153173..220153194__220153082..220153194_minus_mature	46.00	read69445_x26__NC_057810.1_42__220153173..220153194__220153082..220153194_minus	46.00	9.00	0	3.00	3.00	1.00	1.00	0	2.00	1.00	1.00	0	12.00	4.00	0	0	0	0	5.00	0	0	2.00	0	0	0	0	0	0	0	0	0	1.00	0	0	0	0	1.00	2937.34	0	3754.69	1495.51	734.21	1577.29	0	819.00	2004.01	1540.83	0	7308.16	6546.64	0	0	0	0	4149.38	0	0	726.22	0	0	0	0	0	0	0	0	0	295.95	0	0	0	0	1672.24
read69445_x26__NC_057811.1_35__143795311..143795332__143795226..143795332_minus_mature	46.00	read69445_x26__NC_057811.1_35__143795311..143795332__143795226..143795332_minus	46.00	9.00	0	3.00	3.00	1.00	1.00	0	2.00	1.00	1.00	0	12.00	4.00	0	0	0	0	5.00	0	0	2.00	0	0	0	0	0	0	0	0	0	1.00	0	0	0	0	1.00	2937.34	0	3754.69	1495.51	734.21	1577.29	0	819.00	2004.01	1540.83	0	7308.16	6546.64	0	0	0	0	4149.38	0	0	726.22	0	0	0	0	0	0	0	0	0	295.95	0	0	0	0	1672.24
read753752_x4__NC_057806.1_22__654033747..654033768__654033747..654033882_plus_mature	35.00	read753752_x4__NC_057806.1_22__654033747..654033768__654033747..654033882_plus	35.00	2.00	0	0	2.00	5.00	4.00	0	1.00	2.00	1.00	0	7.00	3.00	1.00	0	0	0	2.00	0	0	0	0	0	0	0	0	0	3.00	0	0	2.00	0	0	0	0	0	652.74	0	0	997.01	3671.07	6309.15	0	409.50	4008.02	1540.83	0	4263.09	4909.98	846.74	0	0	0	1659.75	0	0	0	0	0	0	0	0	0	2671.42	0	0	591.89	0	0	0	0	0
read762_x495__NC_057798.1_43__376905698..376905717__376905698..376905932_minus_mature	1939.00	read762_x495__NC_057798.1_43__376905698..376905717__376905698..376905932_minus	1939.00	182.00	27.00	0	138.00	70.00	37.00	1.00	186.00	3.00	5.00	1.00	63.00	7.00	4.00	59.00	4.00	37.00	28.00	258.00	1.00	149.00	127.00	0	0	5.00	0	13.00	80.00	30.00	52.00	239.00	38.00	37.00	24.00	19.00	15.00	59399.48	49632.35	0	68793.62	51395.01	58359.62	1890.36	76167.08	6012.02	7704.16	1490.31	38367.84	11456.63	3386.96	41873.67	4419.89	61976.55	23236.51	73046.43	1956.95	54103.12	69361.00	0	0	12953.37	0	25000.00	71237.76	66079.30	57268.72	70730.99	34514.08	53008.60	18808.78	33747.78	25083.61
read762_x495__NC_057807.1_27__290487842..290487861__290487663..290487861_minus_mature	1941.00	read762_x495__NC_057807.1_27__290487842..290487861__290487663..290487861_minus	1941.00	183.00	27.00	0	138.00	70.00	37.00	1.00	185.00	3.00	5.00	1.00	63.00	7.00	4.00	59.00	4.00	37.00	28.00	260.00	1.00	149.00	127.00	0	0	5.00	0	13.00	80.00	30.00	52.00	238.00	38.00	38.00	24.00	19.00	15.00	59725.85	49632.35	0	68793.62	51395.01	58359.62	1890.36	75757.58	6012.02	7704.16	1490.31	38367.84	11456.63	3386.96	41873.67	4419.89	61976.55	23236.51	73612.68	1956.95	54103.12	69361.00	0	0	12953.37	0	25000.00	71237.76	66079.30	57268.72	70435.04	34514.08	54441.26	18808.78	33747.78	25083.61
read762_x495__NC_057813.1_28__549563721..549563740__549563476..549563740_minus_mature	3000.00	read762_x495__NC_057813.1_28__549563721..549563740__549563476..549563740_minus	3000.00	316.00	58.00	2.00	210.00	107.00	57.00	1.00	231.00	10.00	6.00	1.00	95.00	9.00	10.00	78.00	4.00	47.00	63.00	381.00	1.00	261.00	211.00	1.00	0	5.00	0	24.00	106.00	46.00	108.00	329.00	49.00	84.00	47.00	23.00	19.00	103133.16	106617.65	2503.13	104685.94	78560.94	89905.36	1890.36	94594.59	20040.08	9244.99	1490.31	57856.27	14729.95	8467.40	55358.41	4419.89	78726.97	52282.16	107870.89	1956.95	94771.24	115237.58	11904.76	0	12953.37	0	46153.85	94390.03	101321.59	118942.73	97366.08	44505.00	120343.84	36833.86	40852.58	31772.58
read762_x495__NC_057814.1_38__29245438..29245457__29245367..29245457_minus_mature	1938.00	read762_x495__NC_057814.1_38__29245438..29245457__29245367..29245457_minus	1938.00	183.00	27.00	0	138.00	70.00	37.00	1.00	185.00	3.00	5.00	1.00	63.00	7.00	4.00	59.00	4.00	37.00	28.00	258.00	1.00	149.00	127.00	0	0	5.00	0	13.00	80.00	30.00	52.00	238.00	38.00	37.00	24.00	19.00	15.00	59725.85	49632.35	0	68793.62	51395.01	58359.62	1890.36	75757.58	6012.02	7704.16	1490.31	38367.84	11456.63	3386.96	41873.67	4419.89	61976.55	23236.51	73046.43	1956.95	54103.12	69361.00	0	0	12953.37	0	25000.00	71237.76	66079.30	57268.72	70435.04	34514.08	53008.60	18808.78	33747.78	25083.61
read7721433_x1__NC_057814.1_20__633677656..633677676__633677597..633677676_plus_mature	1.00	read7721433_x1__NC_057814.1_20__633677656..633677676__633677597..633677676_plus	1.00	0	0	0	0	1.00	0	0	0	0	0	0	0	0	0	0	0	0	0	0	0	0	0	0	0	0	0	0	0	0	0	0	0	0	0	0	0	0	0	0	0	734.21	0	0	0	0	0	0	0	0	0	0	0	0	0	0	0	0	0	0	0	0	0	0	0	0	0	0	0	0	0	0	0
read86722_x22__NC_057794.1_15__327919206..327919226__327919131..327919226_plus_mature	45.00	read86722_x22__NC_057794.1_15__327919206..327919226__327919131..327919226_plus	45.00	6.00	0	0	0	5.00	0	3.00	0	1.00	0	0	7.00	6.00	2.00	4.00	0	0	5.00	0	0	0	0	0	1.00	0	0	0	0	0	0	3.00	0	0	0	0	2.00	1958.22	0	0	0	3671.07	0	5671.08	0	2004.01	0	0	4263.09	9819.97	1693.48	2838.89	0	0	4149.38	0	0	0	0	0	1890.36	0	0	0	0	0	0	887.84	0	0	0	0	3344.48
read86722_x22__NC_057795.1_51__364044174..364044194__364044174..364044269_minus_mature	45.00	read86722_x22__NC_057795.1_51__364044174..364044194__364044174..364044269_minus	45.00	6.00	0	0	0	5.00	0	3.00	0	1.00	0	0	7.00	6.00	2.00	4.00	0	0	5.00	0	0	0	0	0	1.00	0	0	0	0	0	0	3.00	0	0	0	0	2.00	1958.22	0	0	0	3671.07	0	5671.08	0	2004.01	0	0	4263.09	9819.97	1693.48	2838.89	0	0	4149.38	0	0	0	0	0	1890.36	0	0	0	0	0	0	887.84	0	0	0	0	3344.48
read86722_x22__NC_057796.1_17__257227808..257227828__257227733..257227828_plus_mature	45.00	read86722_x22__NC_057796.1_17__257227808..257227828__257227733..257227828_plus	45.00	6.00	0	0	0	5.00	0	3.00	0	1.00	0	0	7.00	6.00	2.00	4.00	0	0	5.00	0	0	0	0	0	1.00	0	0	0	0	0	0	3.00	0	0	0	0	2.00	1958.22	0	0	0	3671.07	0	5671.08	0	2004.01	0	0	4263.09	9819.97	1693.48	2838.89	0	0	4149.38	0	0	0	0	0	1890.36	0	0	0	0	0	0	887.84	0	0	0	0	3344.48
read86722_x22__NC_057803.1_55__16368380..16368400__16368380..16368476_minus_mature	45.00	read86722_x22__NC_057803.1_55__16368380..16368400__16368380..16368476_minus	45.00	6.00	0	0	0	5.00	0	3.00	0	1.00	0	0	7.00	6.00	2.00	4.00	0	0	5.00	0	0	0	0	0	1.00	0	0	0	0	0	0	3.00	0	0	0	0	2.00	1958.22	0	0	0	3671.07	0	5671.08	0	2004.01	0	0	4263.09	9819.97	1693.48	2838.89	0	0	4149.38	0	0	0	0	0	1890.36	0	0	0	0	0	0	887.84	0	0	0	0	3344.48
read86722_x22__NC_057804.1_21__562353047..562353067__562352972..562353067_plus_mature	45.00	read86722_x22__NC_057804.1_21__562353047..562353067__562352972..562353067_plus	45.00	6.00	0	0	0	5.00	0	3.00	0	1.00	0	0	7.00	6.00	2.00	4.00	0	0	5.00	0	0	0	0	0	1.00	0	0	0	0	0	0	3.00	0	0	0	0	2.00	1958.22	0	0	0	3671.07	0	5671.08	0	2004.01	0	0	4263.09	9819.97	1693.48	2838.89	0	0	4149.38	0	0	0	0	0	1890.36	0	0	0	0	0	0	887.84	0	0	0	0	3344.48
read86722_x22__NC_057805.1_19__450392780..450392800__450392711..450392800_plus_mature	45.00	read86722_x22__NC_057805.1_19__450392780..450392800__450392711..450392800_plus	45.00	6.00	0	0	0	5.00	0	3.00	0	1.00	0	0	7.00	6.00	2.00	4.00	0	0	5.00	0	0	0	0	0	1.00	0	0	0	0	0	0	3.00	0	0	0	0	2.00	1958.22	0	0	0	3671.07	0	5671.08	0	2004.01	0	0	4263.09	9819.97	1693.48	2838.89	0	0	4149.38	0	0	0	0	0	1890.36	0	0	0	0	0	0	887.84	0	0	0	0	3344.48
read86722_x22__NC_057806.1_35__579923559..579923579__579923559..579923630_minus_mature	45.00	read86722_x22__NC_057806.1_35__579923559..579923579__579923559..579923630_minus	45.00	6.00	0	0	0	5.00	0	3.00	0	1.00	0	0	7.00	6.00	2.00	4.00	0	0	5.00	0	0	0	0	0	1.00	0	0	0	0	0	0	3.00	0	0	0	0	2.00	1958.22	0	0	0	3671.07	0	5671.08	0	2004.01	0	0	4263.09	9819.97	1693.48	2838.89	0	0	4149.38	0	0	0	0	0	1890.36	0	0	0	0	0	0	887.84	0	0	0	0	3344.48
read86722_x22__NC_057807.1_38__566228440..566228460__566228440..566228515_minus_mature	45.00	read86722_x22__NC_057807.1_38__566228440..566228460__566228440..566228515_minus	45.00	6.00	0	0	0	5.00	0	3.00	0	1.00	0	0	7.00	6.00	2.00	4.00	0	0	5.00	0	0	0	0	0	1.00	0	0	0	0	0	0	3.00	0	0	0	0	2.00	1958.22	0	0	0	3671.07	0	5671.08	0	2004.01	0	0	4263.09	9819.97	1693.48	2838.89	0	0	4149.38	0	0	0	0	0	1890.36	0	0	0	0	0	0	887.84	0	0	0	0	3344.48
read86722_x22__NC_057808.1_45__461763245..461763265__461763245..461763320_minus_mature	45.00	read86722_x22__NC_057808.1_45__461763245..461763265__461763245..461763320_minus	45.00	6.00	0	0	0	5.00	0	3.00	0	1.00	0	0	7.00	6.00	2.00	4.00	0	0	5.00	0	0	0	0	0	1.00	0	0	0	0	0	0	3.00	0	0	0	0	2.00	1958.22	0	0	0	3671.07	0	5671.08	0	2004.01	0	0	4263.09	9819.97	1693.48	2838.89	0	0	4149.38	0	0	0	0	0	1890.36	0	0	0	0	0	0	887.84	0	0	0	0	3344.48
read86722_x22__NC_057809.1_24__563503013..563503033__563502931..563503033_plus_mature	3.00	read86722_x22__NC_057809.1_24__563503013..563503033__563502931..563503033_plus	3.00	0	0	0	0	0	0	3.00	0	0	0	0	0	0	0	0	0	0	0	0	0	0	0	0	0	0	0	0	0	0	0	0	0	0	0	0	0	0	0	0	0	0	0	5671.08	0	0	0	0	0	0	0	0	0	0	0	0	0	0	0	0	0	0	0	0	0	0	0	0	0	0	0	0	0
read86722_x22__NC_057810.1_31__638235812..638235832__638235712..638235832_plus_mature	3.00	read86722_x22__NC_057810.1_31__638235812..638235832__638235712..638235832_plus	3.00	0	0	0	0	0	0	3.00	0	0	0	0	0	0	0	0	0	0	0	0	0	0	0	0	0	0	0	0	0	0	0	0	0	0	0	0	0	0	0	0	0	0	0	5671.08	0	0	0	0	0	0	0	0	0	0	0	0	0	0	0	0	0	0	0	0	0	0	0	0	0	0	0	0	0
read86722_x22__NC_057811.1_22__439685224..439685244__439685126..439685244_plus_mature	3.00	read86722_x22__NC_057811.1_22__439685224..439685244__439685126..439685244_plus	3.00	0	0	0	0	0	0	3.00	0	0	0	0	0	0	0	0	0	0	0	0	0	0	0	0	0	0	0	0	0	0	0	0	0	0	0	0	0	0	0	0	0	0	0	5671.08	0	0	0	0	0	0	0	0	0	0	0	0	0	0	0	0	0	0	0	0	0	0	0	0	0	0	0	0	0
read86722_x22__NC_057814.1_27__497236861..497236881__497236861..497237014_minus_mature	45.00	read86722_x22__NC_057814.1_27__497236861..497236881__497236861..497237014_minus	45.00	6.00	0	0	0	5.00	0	3.00	0	1.00	0	0	7.00	6.00	2.00	4.00	0	0	5.00	0	0	0	0	0	1.00	0	0	0	0	0	0	3.00	0	0	0	0	2.00	1958.22	0	0	0	3671.07	0	5671.08	0	2004.01	0	0	4263.09	9819.97	1693.48	2838.89	0	0	4149.38	0	0	0	0	0	1890.36	0	0	0	0	0	0	887.84	0	0	0	0	3344.48
read96286_x20__NC_057809.1_2__56670205..56670225__56670205..56670272_plus_mature	42.00	read96286_x20__NC_057809.1_2__56670205..56670225__56670205..56670272_plus	42.00	3.00	0	3.00	1.00	3.00	2.00	0	0	1.00	1.00	1.00	10.00	0	2.00	3.00	0	2.00	3.00	0	0	2.00	0	0	0	0	0	0	0	0	0	4.00	0	0	0	0	1.00	979.11	0	3754.69	498.50	2202.64	3154.57	0	0	2004.01	1540.83	1490.31	6090.13	0	1693.48	2129.17	0	3350.08	2489.63	0	0	726.22	0	0	0	0	0	0	0	0	0	1183.78	0	0	0	0	1672.24
read96286_x20__NC_057810.1_49__109033164..109033184__109033117..109033184_minus_mature	42.00	read96286_x20__NC_057810.1_49__109033164..109033184__109033117..109033184_minus	42.00	3.00	0	3.00	1.00	3.00	2.00	0	0	1.00	1.00	1.00	10.00	0	2.00	3.00	0	2.00	3.00	0	0	2.00	0	0	0	0	0	0	0	0	0	4.00	0	0	0	0	1.00	979.11	0	3754.69	498.50	2202.64	3154.57	0	0	2004.01	1540.83	1490.31	6090.13	0	1693.48	2129.17	0	3350.08	2489.63	0	0	726.22	0	0	0	0	0	0	0	0	0	1183.78	0	0	0	0	1672.24
read96286_x20__NC_057811.1_2__64801448..64801468__64801448..64801515_plus_mature	42.00	read96286_x20__NC_057811.1_2__64801448..64801468__64801448..64801515_plus	42.00	3.00	0	3.00	1.00	3.00	2.00	0	0	1.00	1.00	1.00	10.00	0	2.00	3.00	0	2.00	3.00	0	0	2.00	0	0	0	0	0	0	0	0	0	4.00	0	0	0	0	1.00	979.11	0	3754.69	498.50	2202.64	3154.57	0	0	2004.01	1540.83	1490.31	6090.13	0	1693.48	2129.17	0	3350.08	2489.63	0	0	726.22	0	0	0	0	0	0	0	0	0	1183.78	0	0	0	0	1672.24
